StockCode;Description;Urun_Toplam_Ciro;Toplam_Satilan_Adet;Ciro_Payi_Yuzdesi
22423;REGENCY CAKESTAND 3 TIER;277656,25;24124;1,64
85123A;WHITE HANGING HEART T-LIGHT HOLDER;247203,36;91814;3,10
85099B;JUMBO BAG RED WHITE SPOTTY ;167920,64;93436;4,09
84879;ASSORTED COLOUR BIRD ORNAMENT;124351,86;78234;4,83
POST;POSTAGE;113881,35;5230;5,50
47566;PARTY BUNTING;103283,38;23460;6,11
22086;PAPER CHAIN KIT 50'S CHRISTMAS ;76598,18;28380;6,56
79321;CHILLI LIGHTS;69084,30;14843;6,97
22386;JUMBO BAG PINK WITH WHITE SPOTS;67769,76;37338;7,37
48138;DOOR MAT UNION FLAG;64269,95;9879;7,75
85099F;JUMBO BAG STRAWBERRY;64127,77;35842;8,13
21137;BLACK RECORD COVER FRAME;63092,12;18417;8,51
20685;RED SPOTTY COIR DOORMAT;60546,64;9364;8,86
20725;LUNCH BAG RED SPOTTY;59375,10;37750;9,21
22197;POPCORN HOLDER , SMALL ;58267,74;76944;9,56
21843;RETRO SPOT CAKE STAND;57946,19;5729;9,90
84347;ROTATING SILVER ANGELS T-LIGHT HLDR;55880,17;28606;10,23
82484;WOOD BLACK BOARD ANT WHITE FINISH;54525,36;9678;10,55
21621;VINTAGE UNION JACK BUNTING;54432,62;6497;10,87
15056N;EDWARDIAN PARASOL NATURAL;54332,61;10948;11,20
85099C;JUMBO  BAG BAROQUE BLACK WHITE;52188,18;28899;11,50
23084;RABBIT NIGHT LIGHT;51251,24;27153;11,81
20914;SET/5 RED SPOTTY LID GLASS BOWLS;50195,33;18235;12,10
22470;HEART OF WICKER LARGE;49859,50;17104;12,40
21733;RED HANGING HEART T-LIGHT HOLDER;48850,60;17228;12,69
21181;PLEASE ONE PERSON  METAL SIGN;47835,30;24166;12,97
21931;JUMBO STORAGE BAG SUKI;47760,99;25970;13,25
22139;RETRO SPOT TEA SET CERAMIC 11 PC ;47531,45;10052;13,53
22189;CREAM HEART CARD HOLDER;47414,20;15946;13,81
15056BL;EDWARDIAN PARASOL BLACK;45885,07;9351;14,08
22178;VICTORIAN GLASS HANGING T-LIGHT;45746,75;37285;14,35
22112;CHOCOLATE HOT WATER BOTTLE;45601,34;9904;14,62
22411;JUMBO SHOPPER VINTAGE RED PAISLEY;45059,13;24295;14,89
22910;PAPER CHAIN KIT VINTAGE CHRISTMAS;44998,27;16469;15,16
21623;VINTAGE UNION JACK MEMOBOARD;44785,83;6125;15,42
48194;DOORMAT HEARTS;44784,46;7442;15,69
48187;DOOR MAT NEW ENGLAND;43982,29;7099;15,95
21212;PACK OF 72 RETRO SPOT CAKE CASES;43390,03;89850;16,20
22469;HEART OF WICKER SMALL;43316,54;26193;16,46
21929;JUMBO BAG PINK VINTAGE PAISLEY;43313,90;24108;16,71
71477;short;43297,22;14870;16,97
22138;BAKING SET 9 PIECE RETROSPOT ;43070,91;9035;17,22
22111;SCOTTIE DOG HOT WATER BOTTLE;42463,20;9092;17,48
21754;HOME BUILDING BLOCK WORD;42453,11;7231;17,73
21175;GIN + TONIC DIET METAL SIGN;42059,24;20229;17,97
21731;RED TOADSTOOL LED NIGHT LIGHT;41824,26;27102;18,22
22090;PAPER BUNTING RETRO SPOTS;41656,49;15227;18,47
21928;JUMBO BAG SCANDINAVIAN PAISLEY;41473,83;23112;18,71
21232;STRAWBERRY CERAMIC TRINKET BOX;40994,71;34935;18,96
21523;FANCY FONT HOME SWEET HOME DOORMAT;40929,84;6564;19,20
22326;ROUND SNACK BOXES SET OF4 WOODLAND ;40414,52;14696;19,44
22457;NATURAL SLATE HEART CHALKBOARD ;40276,17;14187;19,67
82494L;WOODEN FRAME ANTIQUE WHITE ;39909,17;14368;19,91
20727;LUNCH BAG  BLACK SKULL.;39904,00;25392;20,15
21915;RED  HARMONICA IN BOX ;39870,65;35229;20,38
48185;DOOR MAT FAIRY CAKE;39464,68;6400;20,61
84997D;PINK 3 PIECE MINI DOTS CUTLERY SET;38082,82;10284;20,84
22383;LUNCHBAG SUKI  DESIGN ;38007,55;23871;21,06
23203;JUMBO BAG DOILEY PATTERNS;37109,94;19198;21,28
21166;COOK WITH WINE METAL SIGN ;37029,34;19652;21,50
82482;WOODEN PICTURE FRAME WHITE FINISH;37011,10;15643;21,72
84946;ANTIQUE SILVER TEA GLASS ETCHED;36716,86;31553;21,94
20728;LUNCH BAG CARS BLUE;36644,28;23304;22,15
82486;WOOD S/3 CABINET ANT WHITE FINISH;36487,88;4620;22,37
84078A;SET/4 WHITE RETRO STORAGE CUBES ;36259,65;1007;22,58
22629;SPACEBOY LUNCH BOX ;36150,99;20271;22,80
23298;SPOTTY BUNTING;36129,40;7776;23,01
23284;DOORMAT KEEP CALM AND COME IN;35880,85;5338;23,22
85066;CREAM SWEETHEART MINI CHEST;35264,73;2948;23,43
22083;PAPER CHAIN KIT RETRO SPOT;35216,41;12865;23,64
20713;JUMBO BAG OWLS;35162,42;19463;23,85
22114;HOT WATER BOTTLE TEA AND SYMPATHY;34479,62;8848;24,05
21485;RED SPOT HEART HOT WATER BOTTLE;34116,63;7257;24,25
22328;ROUND SNACK BOXES ,SET 4, FRUITS ;33918,04;12440;24,45
22960;mailout addition;33833,72;8454;24,65
22720;SET OF 3 CAKE TINS PANTRY DESIGN ;33298,30;7010;24,85
21524;SPOTTY  HOME SWEET HOME DOORMAT;33122,69;5054;25,05
22699;ROSES REGENCY TEACUP AND SAUCER ;33037,35;12149;25,24
20726;LUNCH BAG WOODLAND;33004,76;20916;25,44
84997B;RED 3 PIECE MINI DOTS CUTLERY SET;32788,13;8905;25,63
22384;LUNCH BAG PINK RETROSPOT;32293,95;20247;25,82
84029E;RED WOOLLY HOTTIE WHITE HEART.;31876,47;9259;26,01
21755;LOVE BUILDING BLOCK WORD;31590,41;5367;26,20
84997C;BLUE 3 PIECE MINI DOTS CUTLERY SET;31521,77;8531;26,38
22382;LUNCHBAG SPACEBOY DESIGN ;31154,30;19478;26,57
22630;DOLLY GIRL LUNCH BOX;30921,64;17340;26,75
22727;ALARM CLOCK BAKELIKE RED ;30703,09;8512;26,93
85152;HAND OVER THE CHOCOLATE   SIGN ;30615,93;16146;27,11
22385;JUMBO BAG SPACEBOY DESIGN;29810,15;16383;27,29
48184;DOOR MAT ENGLISH ROSE ;29642,23;4603;27,46
85014B;RED/WHITE DOTS RUFFLED UMBRELLA;29235,27;6018;27,64
20712;JUMBO BAG WOODLAND ANIMALS;29105,50;15709;27,81
15036;ASSORTED COLOURS SILK FAN;28766,32;40994;27,98
47590B;PINK HAPPY BIRTHDAY BUNTING;28581,40;5652;28,15
20679;EDWARDIAN PARASOL RED;28557,92;6029;28,32
82483;WOOD 2 DRAWER CABINET WHITE FINISH;27952,22;4774;28,48
22379;RECYCLING BAG RETROSPOT ;27893,78;14259;28,65
22865;HAND WARMER OWL DESIGN;27514,63;13675;28,81
22188;BLACK HEART CARD HOLDER;27324,45;10255;28,97
22622;BOX OF VINTAGE ALPHABET BLOCKS;27251,26;2833;29,13
22666;RECIPE BOX PANTRY YELLOW DESIGN;27222,52;9600;29,29
22077;found;27031,04;16026;29,45
48188;DOOR MAT WELCOME PUPPIES;27013,77;4759;29,61
22492;MINI PAINT SET VINTAGE  BOY+ GIRL;26614,79;42695;29,77
22659;LUNCH BOX I LOVE LONDON;26598,67;15157;29,93
23245;SET OF 3 REGENCY CAKE TINS;26566,28;5844;30,08
23199;JUMBO BAG APPLES;26426,30;13875;30,24
21977;PACK OF 60 PINK PAISLEY CAKE CASES;26407,35;54592;30,39
22467;GUMBALL COAT RACK;26149,13;11460;30,55
20750;RED/WHITE DOT MINI CASES;25936,48;3608;30,70
72741;GRAND CHOCOLATECANDLE;25895,40;19284;30,86
84991;60 TEATIME FAIRY CAKE CASES;25785,92;52828;31,01
22752;SET 7 BABUSHKA NESTING BOXES;25620,99;3273;31,16
21217;RED SPOTTY ROUND CAKE TINS;25441,85;2683;31,31
22726;ALARM CLOCK BAKELIKE GREEN;24898,96;6713;31,46
71459;HANGING JAM JAR T-LIGHT HOLDER;24673,32;31668;31,60
82600;NO SINGING METAL SIGN;24620,82;12391;31,75
23355;HOT WATER BOTTLE KEEP CALM;24302,55;5313;31,89
47566B;TEA TIME PARTY BUNTING;24255,30;5612;32,03
22149;FELTCRAFT 6 FLOWER FRIENDS;24248,29;12174;32,18
23201;JUMBO BAG ALPHABET;24160,44;12533;32,32
22624;IVORY KITCHEN SCALES;24137,48;2916;32,46
84077;WORLD WAR 2 GLIDERS ASSTD DESIGNS;24098,03;105185;32,61
22697;GREEN REGENCY TEACUP AND SAUCER;23979,74;8674;32,75
20972;PINK CREAM FELT CRAFT TRINKET BOX ;23812,52;20064;32,89
37503;TEA TIME CAKE STAND IN GIFT BOX;23784,80;2384;33,03
M;Manual;23735,19;9322;33,17
84755;COLOUR GLASS T-LIGHT HOLDER HANGING;23598,51;39259;33,31
20971;PINK BLUE FELT CRAFT TRINKET BOX;23554,30;20500;33,45
47590A;BLUE HAPPY BIRTHDAY BUNTING;23531,47;4681;33,59
22866;HAND WARMER SCOTTY DOG DESIGN;23436,66;11667;33,73
48111;DOOR MAT 3 SMILEY CATS;23414,47;4063;33,86
84836;ZINC METAL HEART DECORATION;23331,43;19328;34,00
21108;FAIRY CAKE FLANNEL ASSORTED COLOUR;23322,62;12532;34,14
22551;PLASTERS IN TIN SPACEBOY;23194,95;14623;34,28
22507;MEMO BOARD RETROSPOT  DESIGN;23083,44;5208;34,41
22084;PAPER CHAIN KIT EMPIRE;23049,95;8437;34,55
21527;RETRO SPOT TRADITIONAL TEAPOT ;23041,74;3226;34,69
23173;REGENCY TEAPOT ROSES ;23033,52;2662;34,82
82583;HOT BATHS METAL SIGN;23010,12;11797;34,96
21930;JUMBO STORAGE BAG SKULLS;22795,28;12305;35,09
48173C;DOOR MAT BLACK FLOCK ;22541,26;4033;35,23
21080;SET/20 RED SPOTTY PAPER NAPKINS ;22539,48;29494;35,36
22158;3 HEARTS HANGING DECORATION RUSTIC;22471,86;7982;35,49
22961;JAM MAKING SET PRINTED;22328,95;15867;35,62
22867;HAND WARMER BIRD DESIGN;22168,33;11000;35,75
23243;SET OF TEA COFFEE SUGAR TINS PANTRY;22109,08;4658;35,88
84978;HANGING HEART JAR T-LIGHT HOLDER;22079,74;19012;36,02
21231;SWEETHEART CERAMIC TRINKET BOX;21793,25;18488;36,14
21481;FAWN BLUE HOT WATER BOTTLE;21779,50;7526;36,27
22734;SET OF 6 RIBBONS VINTAGE CHRISTMAS;21490,17;8849;36,40
22171;3 HOOK PHOTO SHELF ANTIQUE WHITE;21458,42;2999;36,53
22835;HOT WATER BOTTLE I AM SO POORLY;21398,28;4638;36,65
22728;ALARM CLOCK BAKELIKE PINK;21369,98;5833;36,78
22087;PAPER BUNTING WHITE LACE;21336,35;7752;36,91
84406B;CREAM CUPID HEARTS COAT HANGER;21256,00;6682;37,03
85014A;BLACK/BLUE DOTS RUFFLED UMBRELLA;21174,69;4566;37,16
20749;ASSORTED COLOUR MINI CASES;21169,64;2972;37,28
21955;UNION JACK GUNS & ROSES  DOORMAT;21078,23;3717;37,41
22607;WOODEN ROUNDERS GARDEN SET ;20978,47;2406;37,53
22113;GREY HEART HOT WATER BOTTLE;20977,78;5623;37,65
22556;PLASTERS IN TIN CIRCUS PARADE ;20950,16;13112;37,78
23202;JUMBO BAG VINTAGE LEAF;20921,55;10695;37,90
84029G;KNITTED UNION FLAG HOT WATER BOTTLE;20838,90;5724;38,02
22605;WOODEN CROQUET GARDEN SET;20813,81;1710;38,15
23209;LUNCH BAG DOILEY PATTERN ;20786,21;12985;38,27
22698;PINK REGENCY TEACUP AND SAUCER;20713,64;7552;38,39
21210;SET OF 72 RETRO SPOT PAPER  DOILIES;20600,32;14747;38,51
21314;SMALL GLASS HEART TRINKET POT;20588,26;10447;38,64
22722;SET OF 6 SPICE TINS PANTRY DESIGN;20506,30;5366;38,76
20724;RED SPOTTY CHARLOTTE BAG;20503,20;25816;38,88
22554;PLASTERS IN TIN WOODLAND ANIMALS;20471,68;12824;39,00
21936;RED/WHITE SPOT PICNIC BAG;20437,41;7383;39,12
20711;JUMBO BAG TOYS ;20283,78;11326;39,24
22969;HOMEMADE JAM SCENTED CANDLES;20204,80;14012;39,36
37449;CERAMIC CAKE STAND + HANGING CAKES;20204,58;2277;39,48
22632;HAND WARMER RED RETROSPOT;20148,72;10170;39,60
21790;VINTAGE SNAP CARDS;19957,34;25120;39,72
22585;PACK OF 6 BIRDY GIFT TAGS;19950,85;16784;39,83
84970S;HANGING HEART ZINC T-LIGHT HOLDER;19821,96;25389;39,95
22617;BAKING SET SPACEBOY DESIGN;19719,21;4165;40,07
22294;HEART FILIGREE DOVE  SMALL;19686,60;16260;40,18
22941;CHRISTMAS LIGHTS 10 REINDEER;19590,90;2487;40,30
22273;FELTCRAFT DOLL MOLLY;19332,93;7203;40,41
22570;FELTCRAFT CUSHION RABBIT;19282,55;5420;40,53
22625;RED KITCHEN SCALES;19149,63;2360;40,64
21791;VINTAGE HEADS AND TAILS CARD GAME ;19147,65;16199;40,75
22568;FELTCRAFT CUSHION OWL;19128,13;5312;40,87
22569;FELTCRAFT CUSHION BUTTERFLY;18865,21;5357;40,98
22413;METAL SIGN TAKE IT OR LEAVE IT ;18863,02;6814;41,09
85150;LADIES & GENTLEMEN METAL SIGN;18847,98;8078;41,20
84997A;GREEN 3 PIECE MINI DOTS CUTLERY SET;18834,65;5093;41,31
48116;DOOR MAT MULTICOLOUR STRIPE;18811,91;3310;41,42
22693;GROW A FLYTRAP OR SUNFLOWER IN TIN;18798,98;17242;41,54
22501;mailout;18794,25;2055;41,65
48129;DOOR MAT TOPIARY;18752,76;3068;41,76
85048;15CM CHRISTMAS GLASS BALL 20 LIGHTS;18618,75;2525;41,87
21622;VINTAGE UNION JACK CUSHION COVER;18495,47;3517;41,98
21559;STRAWBERRY LUNCHBOX WITH CUTLERY;18469,04;7820;42,09
22558;CLOTHES PEGS RETROSPOT PACK 24 ;18411,74;13410;42,19
21213;PACK OF 72 SKULL CAKE CASES;18319,18;38530;42,30
22499;WOODEN UNION JACK BUNTING;18251,28;3165;42,41
23206;LUNCH BAG APPLE DESIGN;18220,50;11530;42,52
21121;SET/10 RED SPOTTY PARTY CANDLES;18065,40;15036;42,62
21908;CHOCOLATE THIS WAY METAL SIGN;18041,24;9396;42,73
22555;PLASTERS IN TIN STRONGMAN;18021,44;11276;42,84
84949;SILVER HANGING T-LIGHT HOLDER;18001,35;11635;42,94
21340;CLASSIC METAL BIRDCAGE PLANT HOLDER;17888,71;1702;43,05
22561;WOODEN SCHOOL COLOURING SET;17861,22;11158;43,16
21174;POTTERING IN THE SHED METAL SIGN;17814,51;9247;43,26
22456;NATURAL SLATE CHALKBOARD LARGE ;17637,16;4016;43,37
23344;JUMBO BAG 50'S CHRISTMAS ;17636,04;8933;43,47
22427;ENAMEL FLOWER JUG CREAM;17471,23;3039;43,57
79323W;WHITE CHERRY LIGHTS;17384,80;2948;43,68
22061;LARGE CAKE STAND  HANGING STRAWBERY;17354,85;2086;43,78
22147;FELTCRAFT BUTTERFLY HEARTS;17238,05;12605;43,88
84947;ANTIQUE SILVER TEA GLASS ENGRAVED;17162,93;15028;43,98
22847;BREAD BIN DINER STYLE IVORY;17018,54;1094;44,08
22381;TOY TIDY PINK RETROSPOT  ;16980,58;8657;44,18
21479;WHITE SKULL HOT WATER BOTTLE ;16917,32;4538;44,28
21136;PAINTED METAL PEARS ASSORTED;16907,51;10255;44,38
22633;HAND WARMER UNION JACK;16857,36;8364;44,48
22560;TRADITIONAL MODELLING CLAY;16851,64;14393;44,58
84945;MULTI COLOUR SILVER T-LIGHT HOLDER;16833,35;21125;44,68
47591D;PINK FAIRY CAKE CHILD'S APRON;16736,52;9164;44,78
22169;FAMILY ALBUM WHITE PICTURE FRAME;16676,94;2094;44,88
22505;MEMO BOARD COTTAGE DESIGN;16599,89;3605;44,98
21218;RED SPOTTY BISCUIT TIN;16431,45;4715;45,07
23240;SET OF 4 KNICK KNACK TINS DOILEY ;16394,90;4094;45,17
84992;72 SWEETHEART FAIRY CAKE CASES;16178,47;33936;45,27
21156;RED SPOTTY CHILDS APRON;16044,97;8871;45,36
21216;SET 3 RED SPOT TIN TEA,COFFEE,SUGAR;15981,77;3487;45,45
21035;SET/2 RED SPOTTY TEA TOWELS ;15895,86;5534;45,55
21164;HOME SWEET HOME METAL SIGN ;15888,49;5839;45,64
22352;LUNCHBOX WITH CUTLERY RETROSPOT ;15883,39;6690;45,74
21535;RETRO SPOT SMALL MILK JUG;15877,20;6580;45,83
22297;HEART IVORY TRELLIS SMALL;15836,59;12939;45,92
22191;EAU DE NIL DINER WALL CLOCK;15764,10;1933;46,02
22424;ENAMEL BREAD BIN CREAM;15621,65;1300;46,11
22557;PLASTERS IN TIN VINTAGE PAISLEY ;15614,59;9827;46,20
22900;SET 2 TEA TOWELS I LOVE LONDON ;15566,60;5458;46,29
71053;WHITE METAL LANTERN;15508,81;4353;46,39
22355;CHARLOTTE BAG , SUKI DESIGN;15502,35;19483;46,48
21877;HOME SWEET HOME MUG;15399,56;13856;46,57
22690;DOORMAT HOME SWEET HOME BLUE ;15329,57;2493;46,66
22662;LUNCH BAG DOLLY GIRL DESIGN;15305,19;9715;46,75
84970L;SINGLE HEART ZINC T-LIGHT HOLDER;15241,51;16445;46,84
22296;HEART IVORY TRELLIS LARGE;15218,08;9416;46,93
72760B;VINTAGE CREAM 3 BASKET CAKE STAND;15172,60;1632;47,02
21533;RETRO SPOT LARGE MILK JUG;15154,45;3195;47,11
22041;"RECORD FRAME 7"" SINGLE SIZE ";15088,77;6845;47,20
20719;WOODLAND CHARLOTTE BAG;15030,64;19027;47,29
22634;CHILDS BREAKFAST SET SPACEBOY ;15021,40;1627;47,38
22333;RETRO SPORT PARTY BAG + STICKER SET;15014,78;9798;47,46
22952;60 CAKE CASES VINTAGE CHRISTMAS;14997,36;30144;47,55
22193;RED DINER WALL CLOCK;14986,09;1835;47,64
22502;PICNIC BASKET WICKER SMALL;14945,60;2985;47,73
22366;DOORMAT AIRMAIL ;14935,06;2370;47,82
22652;TRAVEL SEWING KIT;14859,81;9353;47,91
21975;PACK OF 60 DINOSAUR CAKE CASES;14818,01;30881;47,99
22635;CHILDS BREAKFAST SET DOLLY GIRL ;14787,95;1598;48,08
21430;SET/3 RED GINGHAM ROSE STORAGE BOX;14719,35;4169;48,17
22776;SWEETHEART CAKESTAND 3 TIER;14710,00;1560;48,25
21914;BLUE HARMONICA IN BOX ;14667,47;11830;48,34
22170;PICTURE FRAME WOOD TRIPLE PORTRAIT;14658,65;2309;48,43
17003;BROCADE RING PURSE ;14640,96;70082;48,51
21122;SET/10 PINK SPOTTY PARTY CANDLES;14615,49;12100;48,60
21891;TRADITIONAL WOODEN SKIPPING ROPE;14603,13;11721;48,69
82582;AREA PATROLLED METAL SIGN;14563,10;7346;48,77
84375;SET OF 20 KIDS COOKIE CUTTERS;14558,97;7275;48,86
21889;WOODEN BOX OF DOMINOES;14430,66;11803;48,94
22837;HOT WATER BOTTLE BABUSHKA ;14425,25;3229;49,03
21258;VICTORIAN SEWING BOX LARGE;14406,63;1229;49,11
20718;RED SPOTTY SHOPPER BAG;14359,26;12255;49,20
22367;CHILDS APRON SPACEBOY DESIGN;14294,64;7702;49,28
21844;RETRO SPOT MUG;14293,85;5183;49,37
22487;WHITE WOOD GARDEN PLANT LADDER;14256,96;1519;49,45
22993;SET OF 4 PANTRY JELLY MOULDS;14151,42;11769;49,54
22759;SET OF 3 NOTEBOOKS IN PARCEL;14138,40;8860;49,62
21484;CHICK GREY HOT WATER BOTTLE;14071,27;4085;49,70
21165;BEWARE OF THE CAT METAL SIGN ;14070,08;9080;49,79
22619;SET OF 6 SOLDIER SKITTLES;14010,85;3778;49,87
85232B;SET/3 RUSSIAN DOLL STACKING TINS;13949,80;2916;49,95
21770;OPEN CLOSED METAL SIGN;13926,81;2896;50,03
84378;SET OF 3 HEART COOKIE CUTTERS;13862,84;11007;50,12
21380;WOODEN HAPPY BIRTHDAY GARLAND;13770,15;4877;50,20
22365;DOORMAT RESPECTABLE HOUSE;13762,55;2221;50,28
22150;3 STRIPEY MICE FELTCRAFT;13756,75;7633;50,36
22606;WOODEN SKITTLES GARDEN SET;13722,74;1022;50,44
35004C;SET OF 3 COLOURED  FLYING DUCKS;13577,15;2851;50,52
22940;FELTCRAFT CHRISTMAS FAIRY;13462,18;3286;50,60
21169;YOU'RE CONFUSING ME METAL SIGN ;13438,58;8642;50,68
22667;RECIPE BOX RETRO SPOT DESIGN;13376,15;4793;50,76
47556B;TEA TIME TEA TOWELS ;13363,35;5141;50,84
22356;CHARLOTTE BAG , PINK/WHITE SPOTS;13323,29;16623;50,92
84050;PINK HEART SHAPE EGG FRYING PAN;13316,63;9547;51,00
22271;FELTCRAFT DOLL ROSIE;13244,46;4744;51,07
79323P;PINK CHERRY LIGHTS;13198,10;2234;51,15
22295;HEART FILIGREE DOVE LARGE;13184,07;8159;51,23
22692;DOORMAT WELCOME TO OUR HOME;13103,81;1935;51,31
21094;SET/6 RED SPOTTY PAPER PLATES;13068,56;17752;51,38
23200;JUMBO BAG PEARS;13034,92;6729;51,46
23108;SET OF 10 LED DOLLY LIGHTS;12972,73;2192;51,54
23313;VINTAGE CHRISTMAS BUNTING;12960,12;2748;51,61
23356;LOVE HOT WATER BOTTLE;12954,75;2325;51,69
22236;CAKE STAND 3 TIER MAGIC GARDEN;12951,90;1074;51,77
22730;ALARM CLOCK BAKELIKE IVORY;12951,50;3451;51,84
22804;CANDLEHOLDER PINK HANGING HEART;12876,88;4892;51,92
21390;FILIGRIS HEART WITH BUTTERFLY;12849,14;10622;52,00
22173;METAL 4 HOOK HANGER FRENCH CHATEAU;12846,14;4538;52,07
35970;ZINC FOLKART SLEIGH BELLS;12806,27;7851;52,15
15044A;PINK PAPER PARASOL ;12803,78;4894;52,22
22621;TRADITIONAL KNITTING NANCY;12780,57;8365;52,30
21704;BAG 250g SWIRLY MARBLES;12750,54;16824;52,37
22636;CHILDS BREAKFAST SET CIRCUS PARADE;12716,38;1565;52,45
22946;WOODEN ADVENT CALENDAR CREAM;12588,45;869;52,52
22655;VINTAGE RED KITCHEN CABINET;12550,00;75;52,60
C2;CARRIAGE;12546,00;249;52,67
21871;SAVE THE PLANET MUG;12515,44;11099;52,75
23301;GARDENERS KNEELING PAD KEEP CALM ;12463,78;7722;52,82
62018;SOMBRERO ;12413,80;9548;52,89
21259;VICTORIAN SEWING BOX SMALL ;12409,96;2171;52,97
22749;FELTCRAFT PRINCESS CHARLOTTE DOLL;12407,83;3407;53,04
21672;WHITE SPOT RED CERAMIC DRAWER KNOB;12354,22;10290;53,11
22766;PHOTO FRAME CORNICE;12280,18;4246;53,19
21155;RED SPOTTY PEG BAG;12240,67;5805;53,26
22584;PACK OF 6 PANNETONE GIFT BOXES;12239,39;5019;53,33
22627;MINT KITCHEN SCALES;12219,99;1476;53,40
22303;COFFEE MUG APPLES DESIGN;12179,95;5310;53,47
75049L;LARGE CIRCULAR MIRROR MOBILE;12173,50;13566;53,55
21912;VINTAGE SNAKES & LADDERS;12157,97;3387;53,62
22485;SET OF 2 WOODEN MARKET CRATES;12146,25;995;53,69
22909;SET OF 20 VINTAGE CHRISTMAS NAPKINS;12124,12;15376;53,76
21669;BLUE STRIPE CERAMIC DRAWER KNOB;12115,21;9897;53,83
21539;RETRO SPOTS BUTTER DISH;12091,05;2575;53,90
85042;ANTIQUE LILY FAIRY LIGHTS;12081,00;2668;53,98
21124;SET/10 BLUE SPOTTY PARTY CANDLES;12052,47;9963;54,05
23207;LUNCH BAG ALPHABET DESIGN;11994,41;7533;54,12
22846;BREAD BIN DINER STYLE RED ;11929,91;774;54,19
22553;PLASTERS IN TIN SKULLS;11913,75;7363;54,26
21888;BINGO SET;11877,45;3219;54,33
15056P;EDWARDIAN PARASOL PINK;11872,81;2436;54,40
22838;3 TIER CAKE TIN RED AND CREAM;11850,78;872;54,47
84380;SET OF 3 BUTTERFLY COOKIE CUTTERS;11818,65;9592;54,54
84212;"ASSORTED FLOWER COLOUR ""LEIS""";11759,77;24665;54,61
20723;STRAWBERRY CHARLOTTE BAG;11654,80;14542;54,68
23077;DOUGHNUT LIP GLOSS ;11615,70;9642;54,75
22654;DELUXE SEWING KIT ;11611,27;2045;54,81
23174;REGENCY SUGAR BOWL GREEN;11567,24;2954;54,88
22464;HANGING METAL HEART LANTERN;11530,56;7388;54,95
22179;SET 10 LIGHTS NIGHT OWL;11501,14;1788;55,02
22243;HOOK, 5 HANGER ,MAGIC TOADSTOOL RED;11476,80;7552;55,09
21668;RED STRIPE CERAMIC DRAWER KNOB;11446,75;9391;55,15
21787;RAIN PONCHO WITH RED SPOTS;11385,18;14718;55,22
22192;BLUE DINER WALL CLOCK;11358,78;1373;55,29
47567B;TEA TIME KITCHEN APRON;11321,32;2128;55,36
22207;FRYING PAN UNION FLAG;11283,86;2858;55,42
22646;CERAMIC STRAWBERRY CAKE MONEY BANK;11187,26;8514;55,49
22950;36 DOILIES VINTAGE CHRISTMAS;11186,95;8215;55,55
22082;RIBBON REEL STRIPES DESIGN ;11166,78;6878;55,62
20969;RED FLORAL FELTCRAFT SHOULDER BAG;11155,41;3090;55,69
22623;BOX OF VINTAGE JIGSAW BLOCKS ;11129,42;2195;55,75
20975;12 PENCILS SMALL TUBE RED SPOTTY;11109,70;17490;55,82
22750;FELTCRAFT PRINCESS LOLA DOLL;11094,51;3039;55,88
21906;PHARMACIE FIRST AID TIN;11093,90;1642;55,95
22088;PAPER BUNTING COLOURED LACE;11086,90;4038;56,01
21673;WHITE SPOT BLUE CERAMIC DRAWER KNOB;11022,43;9171;56,08
84987;SET OF 36 TEATIME PAPER DOILIES;11012,88;7832;56,14
22444;GROW YOUR OWN PLANT IN A CAN ;10976,56;8960;56,21
20676;RED SPOTTY BOWL;10973,06;9403;56,27
22151;PLACE SETTING WHITE HEART;10910,31;27085;56,34
47599A;PINK PARTY BAGS;10841,48;5878;56,40
22301;COFFEE MUG CAT + BIRD DESIGN;10831,29;4733;56,47
21498;RED SPOTS  WRAP ;10829,24;26672;56,53
22631;CIRCUS PARADE LUNCHBOX ;10793,78;5872;56,60
72351B;SET/6 PINK  BUTTERFLY T-LIGHTS;10779,64;5681;56,66
21671;RED SPOT CERAMIC DRAWER KNOB;10762,47;8931;56,72
84988;SET OF 72 PINK HEART PAPER DOILIES;10729,40;7595;56,79
35400;WOODEN BOX ADVENT CALENDAR ;10710,10;1239;56,85
21260;FIRST AID TIN;10675,60;3370;56,91
21428;SET3 BOOK BOX GREEN GINGHAM FLOWER ;10667,05;2749;56,98
22649;STRAWBERRY FAIRY CAKE TEAPOT;10657,15;2219;57,04
21937;STRAWBERRY   PICNIC BAG;10572,95;3801;57,10
22198;POPCORN HOLDER , LARGE;10530,70;6654;57,16
22616;PACK OF 12 LONDON TISSUES ;10519,36;37084;57,23
22417;PACK OF 60 SPACEBOY CAKE CASES;10465,49;20867;57,29
22943;CHRISTMAS LIGHTS 10 VINTAGE BAUBLES;10432,08;2258;57,35
22988;SOLDIERS EGG CUP ;10415,22;9033;57,41
21172;PARTY METAL SIGN ;10392,72;7444;57,47
22740;POLKA DOT PEN;10378,43;12599;57,53
22637;PIGGY BANK RETROSPOT ;10377,02;4278;57,59
21868;POTTING SHED TEA MUG;10353,86;8770;57,66
21326;AGED GLASS SILVER T-LIGHT HOLDER;10338,60;17004;57,72
22580;ADVENT CALENDAR GINGHAM SACK;10338,23;1785;57,78
21749;LARGE RED SPOT WINDMILL;10331,40;5454;57,84
21242;RED SPOTTY PLATE ;10326,43;6475;57,90
22109;FULL ENGLISH BREAKFAST PLATE;10321,92;2872;57,96
22768;FAMILY PHOTO FRAME CORNICE;10310,19;1114;58,02
21907;I'M ON HOLIDAY METAL SIGN;10306,15;4990;58,08
22729;ALARM CLOCK BAKELIKE ORANGE;10300,44;2797;58,14
22488;NATURAL SLATE RECTANGLE CHALKBOARD;10285,61;6453;58,20
22508;DOORSTOP RETROSPOT HEART;10283,50;2695;58,26
22468;BABUSHKA LIGHTS STRING OF 10;10229,64;1630;58,33
22274;FELTCRAFT DOLL EMILY;10227,31;3675;58,39
22663;JUMBO BAG DOLLY GIRL DESIGN;10206,78;5367;58,45
23170;REGENCY TEA PLATE ROSES ;10170,99;6563;58,51
22302;COFFEE MUG PEARS  DESIGN;10043,41;4808;58,57
21624;VINTAGE UNION JACK DOORSTOP;9987,98;1710;58,62
22791;T-LIGHT GLASS FLUTED ANTIQUE;9985,63;8698;58,68
22834;HAND WARMER BABUSHKA DESIGN;9962,63;6486;58,74
20828;GLITTER BUTTERFLY CLIPS;9951,00;4220;58,80
23208;LUNCH BAG VINTAGE LEAF DESIGN;9950,35;6191;58,86
23300;GARDENERS KNEELING PAD CUP OF TEA ;9933,69;6285;58,92
21429;RED GINGHAM ROSE JEWELLERY BOX;9907,50;5930;58,98
22418;10 COLOUR SPACEBOY PEN;9898,50;11916;59,04
21670;BLUE SPOT CERAMIC DRAWER KNOB;9894,93;8061;59,09
22595;CHRISTMAS GINGHAM HEART;9817,66;12076;59,15
21833;CAMOUFLAGE LED TORCH;9797,31;5931;59,21
82001S;VINYL RECORD FRAME SILVER;9787,06;2822;59,27
22620;4 TRADITIONAL SPINNING TOPS;9763,68;7559;59,33
23343;JUMBO BAG VINTAGE CHRISTMAS ;9742,10;4905;59,38
22348;TEA BAG PLATE RED SPOTTY ;9667,21;11899;59,44
23076;ICE CREAM SUNDAE LIP GLOSS;9638,16;7896;59,50
22840;ROUND CAKE TIN VINTAGE RED;9632,68;1292;59,55
21922;UNION STRIPE WITH FRINGE  HAMMOCK;9624,04;1280;59,61
22970;LONDON BUS COFFEE MUG;9582,15;4213;59,67
21257;VICTORIAN SEWING BOX MEDIUM;9550,49;1267;59,72
21086;SET/6 RED SPOTTY PAPER CUPS;9513,30;15834;59,78
16014;SMALL CHINESE STYLE SCISSOR;9512,68;29354;59,84
22966;GINGERBREAD MAN COOKIE CUTTER;9497,91;7946;59,89
22795;SWEETHEART RECIPE BOOK STAND;9465,55;1465;59,95
22968;ROSE COTTAGE KEEPSAKE BOX ;9409,20;1036;60,00
21974;SET OF 36 PAISLEY FLOWER DOILIES;9374,96;6652;60,06
20829;GLITTER HANGING BUTTERFLY STRING;9350,39;4700;60,11
21890;S/6 WOODEN SKITTLES IN COTTON BAG;9347,16;3296;60,17
20979;36 PENCILS TUBE RED SPOTTY;9332,73;7741;60,23
20754;RETRO RED SPOTTY WASHING UP GLOVES;9329,22;4815;60,28
84792;ENCHANTED BIRD COATHANGER 5 HOOK;9326,33;2201;60,34
22064;PINK DOUGHNUT TRINKET POT ;9302,10;6214;60,39
22656;VINTAGE BLUE KITCHEN CABINET;9290,00;45;60,45
22120;WELCOME  WOODEN BLOCK LETTERS;9289,20;967;60,50
22668;PINK BABY BUNTING;9236,86;3290;60,55
21558;SKULL LUNCHBOX WITH CUTLERY ;9236,10;3880;60,61
84880;WHITE WIRE EGG HOLDER;9227,80;1668;60,66
21531;RETRO SPOT SUGAR JAM BOWL;9213,75;3879;60,72
23171;REGENCY TEA PLATE GREEN ;9184,90;5966;60,77
22978;PANTRY ROLLING PIN;9180,53;2406;60,83
21756;BATH BUILDING BLOCK WORD;9164,78;1543;60,88
20682;RED SPOTTY CHILDS UMBRELLA;9134,66;2892;60,94
22694;WICKER STAR ;9115,80;4428;60,99
22904;CALENDAR PAPER CUT DESIGN;9110,29;3195;61,04
22466;FAIRY TALE COTTAGE NIGHTLIGHT;9106,80;5120;61,10
82552;WASHROOM METAL SIGN;9080,01;6746;61,15
22349;DOG BOWL , CHASING BALL DESIGN;9052,75;2383;61,20
22380;TOY TIDY SPACEBOY  ;9044,00;4654;61,26
22767;TRIPLE PHOTO FRAME CORNICE ;9035,63;977;61,31
22300;COFFEE MUG DOG + BALL DESIGN;9021,39;3923;61,36
23175;REGENCY MILK JUG PINK ;8995,00;3062;61,42
21745;GAOLERS KEYS DECORATIVE GARDEN ;8980,54;2670;61,47
21735;TWO DOOR CURIO CABINET;8960,10;765;61,52
22992;REVOLVER WOODEN RULER ;8944,44;4914;61,58
22942;CHRISTMAS LIGHTS 10 SANTAS ;8912,95;1181;61,63
22180;RETRO SPOT LAMP;8868,10;914;61,68
22429;ENAMEL MEASURING JUG CREAM;8867,29;2149;61,73
47570B;TEA TIME TABLE CLOTH;8852,88;928;61,79
22131;FOOD CONTAINER SET 3 LOVE HEART ;8846,17;4965;61,84
22089;PAPER BUNTING VINTAGE PAISLEY;8842,15;3196;61,89
21892;TRADITIONAL WOODEN CATCH CUP GAME ;8814,42;7273;61,94
22549;PICTURE DOMINOES;8813,74;6222;61,99
20970;PINK FLORAL FELTCRAFT SHOULDER BAG;8796,77;2403;62,05
22144;CHRISTMAS CRAFT LITTLE FRIENDS;8790,70;4289;62,10
22741;FUNKY DIVA PEN;8672,11;10297;62,15
21781;MA CAMPAGNE CUTLERY BOX;8609,25;595;62,20
22844;VINTAGE CREAM DOG FOOD CONTAINER;8515,99;1036;62,25
23582;VINTAGE DOILY JUMBO BAG RED ;8508,22;4434;62,30
23581;JUMBO BAG PAISLEY PARK;8498,04;4358;62,35
22947;WOODEN ADVENT CALENDAR RED;8459,95;773;62,40
21985;PACK OF 12 HEARTS DESIGN TISSUES ;8441,64;24766;62,45
79000;MOROCCAN TEA GLASS;8407,61;11309;62,50
22725;ALARM CLOCK BAKELIKE CHOCOLATE;8367,84;2266;62,55
23318;BOX OF 6 MINI VINTAGE CRACKERS;8345,43;3645;62,60
22121;NOEL WOODEN BLOCK LETTERS ;8343,19;1411;62,65
21385;IVORY HANGING DECORATION  HEART;8324,58;10146;62,70
79323LP;LIGHT PINK CHERRY LIGHTS;8311,00;1420;62,75
22989;SET 2 PANTRY DESIGN TEA TOWELS;8310,17;2693;62,80
51008;AFGHAN SLIPPER SOCK PAIR;8251,15;2567;62,85
35961;FOLKART ZINC HEART CHRISTMAS DEC;8229,67;10651;62,89
21243;PINK  SPOTTY PLATE ;8224,59;5187;62,94
22244;HOOK, 3 HANGER ,MAGIC GARDEN;8205,30;4542;62,99
84839;SWEETHEART KEY CABINET;8201,70;1478;63,04
84030E;ENGLISH ROSE HOT WATER BOTTLE;8191,91;2018;63,09
21154;RED SPOTTY OVEN GLOVE ;8179,32;6900;63,14
23319;BOX OF 6 MINI 50'S CRACKERS;8169,48;3520;63,18
22812;PACK 3 BOXES CHRISTMAS PANNETONE;8162,27;4325;63,23
21135;VICTORIAN  METAL POSTCARD SPRING;8155,09;5773;63,28
23322;LARGE WHITE HEART OF WICKER;8137,50;2892;63,33
23256;CHILDRENS CUTLERY SPACEBOY ;8115,48;2016;63,38
23082;SET 6 PAPER TABLE LANTERN HEARTS ;8110,68;2260;63,42
22895;SET OF 2 TEA TOWELS APPLE AND PEARS;8091,74;2752;63,47
23078;ICE CREAM PEN LIP GLOSS ;8077,31;6607;63,52
84508A;CAMOFLAGE DESIGN TEDDY;8073,75;3805;63,57
20974;12 PENCILS SMALL TUBE SKULL;8049,15;12699;63,62
21777;RECIPE BOX WITH METAL HEART;8046,15;1057;63,66
22357;KINGS CHOICE BISCUIT TIN;8044,09;1873;63,71
21933;PINK VINTAGE PAISLEY PICNIC BAG;8034,86;3782;63,76
20677;PINK SPOTTY BOWL;8030,23;6888;63,81
22215;CAKE STAND WHITE TWO TIER LACE;8007,30;1029;63,85
22751;FELTCRAFT PRINCESS OLIVIA DOLL;7965,29;2195;63,90
21769;VINTAGE POST OFFICE CABINET;7954,87;123;63,95
22771;CLEAR DRAWER KNOB ACRYLIC EDWARDIAN;7947,11;6571;63,99
23080;RED METAL BOX TOP SECRET;7920,78;998;64,04
21488;RED WHITE SCARF  HOT WATER BOTTLE;7914,15;2157;64,09
21935;SUKI  SHOULDER BAG;7898,07;5021;64,13
37370;RETRO COFFEE MUGS ASSORTED;7897,50;6948;64,18
21042;RED SPOTTY APRON ;7848,45;1401;64,23
21381;MINI WOODEN HAPPY BIRTHDAY GARLAND;7845,81;4893;64,27
21588;RETRO SPOT GIANT  TUBE MATCHES;7748,55;3351;64,32
21716;BOYS VINTAGE TIN SEASIDE BUCKET;7744,58;3336;64,37
22078;RIBBON REEL LACE DESIGN ;7739,60;3801;64,41
21186;WHITE DOVE HONEYCOMB PAPER GARLAND;7729,05;5017;64,46
22079;RIBBON REEL HEARTS DESIGN ;7670,64;4736;64,50
21658;GLASS  BEURRE DISH;7590,45;2007;64,55
23439;HAND WARMER RED LOVE HEART;7574,10;3721;64,59
21715;GIRLS VINTAGE TIN SEASIDE BUCKET;7566,87;3229;64,64
21098;CHRISTMAS TOILET ROLL;7534,29;6431;64,68
22072;TEA CUP AND SAUCER RETRO SPOT;7514,55;2175;64,73
21874;GIN AND TONIC MUG;7509,76;6122;64,77
22195;HEART MEASURING SPOONS LARGE;7496,07;4603;64,81
23328;SET 6 SCHOOL MILK BOTTLES IN CRATE;7495,29;2063;64,86
22796;PHOTO FRAME 3 CLASSIC HANGING;7484,40;771;64,90
22329;ROUND FOOD CONTAINER S/5 RETROSPOT;7468,15;4791;64,95
22354;RETRO SPOT PADDED SEAT CUSHION;7465,42;2080;64,99
21875;KINGS CHOICE MUG;7450,17;6681;65,03
22327;ROUND SNACK BOXES SET OF 4 SKULLS;7440,60;2628;65,08
85049E;SCANDINAVIAN REDS RIBBONS;7427,48;5933;65,12
85067;CREAM SWEETHEART WALL CABINET;7417,26;472;65,17
21244;BLUE  SPOTTY PLATE ;7414,91;4667;65,21
22212;FOUR HOOK  WHITE LOVEBIRDS;7412,31;3709;65,25
82551;LAUNDRY 15C METAL SIGN;7401,59;5350;65,30
72807C;SET/3 VANILLA SCENTED CANDLE IN BOX;7364,91;1835;65,34
21737;SET 3 WICKER LOG BASKETS;7320,15;397;65,38
22275;WEEKEND BAG VINTAGE ROSE PAISLEY;7315,95;902;65,43
21982;PACK OF 12 SUKI TISSUES ;7274,28;21340;65,47
22242;HOOK, 5 HANGER , MAGIC TOADSTOOL;7267,35;4659;65,51
21932;SCANDINAVIAN PAISLEY PICNIC BAG;7260,76;3517;65,56
22748;POPPY'S PLAYHOUSE KITCHEN;7192,01;3498;65,60
22665;RECIPE BOX BLUE SKETCHBOOK DESIGN;7172,81;2535;65,64
85049A;TRADITIONAL CHRISTMAS RIBBONS;7171,83;5802;65,68
22689;DOORMAT MERRY CHRISTMAS RED ;7171,64;1004;65,73
22890;NOVELTY BISCUITS CAKE STAND 3 TIER;7164,47;767;65,77
22827;GIANT SEVENTEEN DRAWER SIDEBOARD;7150,00;46;65,81
21411;GINGHAM HEART  DOORSTOP RED;7146,39;1943;65,85
21870;I CAN ONLY PLEASE ONE PERSON MUG;7124,67;5925;65,90
23238;SET OF 4 KNICK KNACK TINS LONDON ;7116,65;1775;65,94
22493;PAINT YOUR OWN CANVAS SET;7107,33;4505;65,98
22813;PACK 3 BOXES BIRD PANNETONE ;7076,28;3790;66,02
21976;PACK OF 60 MUSHROOM CAKE CASES;7073,63;14053;66,06
22809;SET OF 6 T-LIGHTS SANTA;7053,76;2452;66,10
22628;PICNIC BOXES SET OF 3 RETROSPOT ;7051,25;1515;66,15
21463;MIRRORED DISCO BALL ;7051,15;1320;66,19
23007;SPACEBOY BABY GIFT SET;7048,55;449;66,23
72351A;SET/6 TURQUOISE BUTTERFLY T-LIGHTS;7035,59;3646;66,27
48189;DOOR MAT FRIENDSHIP ;7033,74;1226;66,31
22219;LOVEBIRD HANGING DECORATION WHITE ;7009,55;8375;66,35
22073;RETRO SPOT STORAGE JAR;7005,51;1929;66,40
21238;RED SPOTTY CUP;7004,22;8648;66,44
84692;BOX OF 24 COCKTAIL PARASOLS;6964,39;17299;66,48
22371;AIRLINE BAG VINTAGE TOKYO 78;6962,48;1522;66,52
21497;FANCY FONTS BIRTHDAY WRAP;6957,00;17450;66,56
23215;JINGLE BELL HEART ANTIQUE SILVER;6955,80;3544;66,60
22784;LANTERN CREAM GAZEBO ;6932,82;1474;66,64
21114;LAVENDER SCENTED FABRIC HEART;6920,43;5591;66,68
23320;GIANT 50'S CHRISTMAS CRACKER;6907,52;2628;66,72
85064;CREAM SWEETHEART LETTER RACK;6897,62;1538;66,76
22489;PACK OF 12 TRADITIONAL CRAYONS;6889,77;17090;66,81
22283;6 EGG HOUSE PAINTED WOOD;6881,69;923;66,85
85220;SMALL FAIRY CAKE FRIDGE MAGNETS;6875,00;12236;66,89
23543;KEEP CALM WALL ART ;6869,47;1227;66,93
22550;HOLIDAY FUN LUDO;6869,00;1921;66,97
20675;BLUE SPOTTY BOWL;6847,13;5816;67,01
21561;DINOSAUR LUNCHBOX WITH CUTLERY;6821,73;2864;67,05
22745;POPPY'S PLAYHOUSE BEDROOM ;6820,15;3330;67,09
22991;GIRAFFE WOODEN RULER;6816,84;3708;67,13
23321;SMALL WHITE HEART OF WICKER;6798,10;4262;67,17
23236;DOILEY STORAGE TIN;6782,07;2443;67,21
22029;SPACE BOY BIRTHDAY CARD;6773,84;17003;67,25
22563;HAPPY STENCIL CRAFT;6756,40;5857;67,29
22588;CARD HOLDER GINGHAM HEART;6756,17;2643;67,33
21115;ROSE CARAVAN DOORSTOP;6753,91;1161;67,37
23493;VINTAGE DOILY TRAVEL SEWING KIT;6736,20;3516;67,41
23083;SET 6 PAPER TABLE LANTERN STARS ;6735,88;1859;67,45
22839;3 TIER CAKE TIN GREEN AND CREAM;6735,31;489;67,49
85065;CREAM SWEETHEART TRAYS;6734,50;582;67,53
22055;MINI CAKE STAND  HANGING STRAWBERY;6731,23;4491;67,57
22592;CARDHOLDER HOLLY WREATH METAL;6730,60;1814;67,61
22938;CUPCAKE LACE PAPER SET 6;6722,63;3631;67,65
22353;LUNCHBOX WITH CUTLERY FAIRY CAKES ;6713,40;2800;67,69
21746;SMALL RED SPOT  WINDMILL;6705,78;5638;67,73
82580;BATHROOM METAL SIGN;6683,86;12594;67,77
23297;SET 40 HEART SHAPE PETIT FOUR CASES;6677,00;4260;67,81
23254;CHILDRENS CUTLERY DOLLY GIRL ;6674,95;1657;67,85
22465;HANGING METAL STAR LANTERN;6656,83;4325;67,89
22085;PAPER CHAIN KIT SKULLS ;6651,90;2482;67,92
10002;INFLATABLE POLITICAL GLOBE ;6638,27;8479;67,96
22626;BLACK KITCHEN SCALES;6619,43;802;68,00
22779;WOODEN OWLS LIGHT GARLAND ;6610,10;1730;68,04
22618;COOKING SET RETROSPOT;6609,84;696;68,08
11001;ASSTD DESIGN RACING CAR PEN;6608,81;4273;68,12
85014D;PINK/BROWN DOTS RUFFLED UMBRELLA;6607,60;1912;68,16
23283;DOORMAT VINTAGE LEAVES DESIGN ;6600,27;967;68,20
22350;CAT BOWL ;6598,56;2592;68,24
21903;MAN FLU METAL SIGN;6574,38;3342;68,28
22567;20 DOLLY PEGS RETROSPOT;6568,75;5385;68,31
23008;DOLLY GIRL BABY GIFT SET;6534,05;419;68,35
21592;RETRO SPOT  CIGAR BOX MATCHES ;6533,71;5861;68,39
16156S;WRAP PINK FAIRY CAKES ;6527,12;16586;68,43
22907;PACK OF 20 NAPKINS PANTRY DESIGN;6497,87;8141;68,47
23109;LED TEA LIGHTS;6484,90;2310;68,51
47599B;BLUE PARTY BAGS ;6476,54;3441;68,55
22358;KINGS CHOICE TEA CADDY ;6468,58;2286;68,58
21033;JUMBO BAG CHARLIE AND LOLA TOYS;6463,67;3411;68,62
23293;SET OF 12 FAIRY CAKE BAKING CASES;6457,00;8228;68,66
23103;JINGLE BELL HEART DECORATION;6442,95;3931;68,70
22738;RIBBON REEL SNOWY VILLAGE;6431,68;4012;68,74
21361;LOVE LARGE WOOD LETTERS ;6422,85;519;68,77
23134;LARGE ZINC HEART WALL ORGANISER;6414,48;1064;68,81
21563;RED HEART SHAPE LOVE BUCKET ;6408,87;2701;68,85
22645;CERAMIC HEART FAIRY CAKE MONEY BANK;6401,29;4683;68,89
21500;PINK SPOTS  WRAP ;6401,00;15850;68,93
84568;GIRLS ALPHABET IRON ON PATCHES ;6399,57;33217;68,96
37450;CERAMIC CAKE BOWL + HANGING CAKES;6398,55;2337;69,00
22661;CHARLOTTE BAG DOLLY GIRL DESIGN;6365,84;8034;69,04
20717;STRAWBERRY SHOPPER BAG;6353,53;5335;69,08
22221;CAKE STAND LOVEBIRD 2 TIER PINK;6339,00;884;69,11
23229;VINTAGE DONKEY TAIL GAME ;6336,43;1804;69,15
22528;GARDENERS KNEELING PAD;6329,83;5363;69,19
23534;WALL ART STOP FOR TEA ;6320,88;1206;69,23
37448;CERAMIC CAKE DESIGN SPOTTED MUG;6308,02;4394;69,26
47502;POLKADOT CUTLERY 24 PCS IN TRAY;6307,15;617;69,30
21041;RED SPOTTY OVEN GLOVE DOUBLE;6298,60;2228;69,34
22199;FRYING PAN RED POLKADOT ;6281,71;1661;69,37
22783;SET 3 WICKER OVAL BASKETS W LIDS;6277,17;481;69,41
22414;DOORMAT NEIGHBOURHOOD WITCH ;6275,20;1122;69,45
22669;RED BABY BUNTING ;6266,75;2165;69,49
22332;SKULLS PARTY BAG + STICKER SET;6264,05;4065;69,52
22360;GLASS JAR, ENGLISH CONFECTIONERY;6254,70;2286;69,56
22141;CHRISTMAS CRAFT TREE TOP ANGEL;6249,28;3060;69,60
23553;LANDMARK FRAME CAMDEN TOWN ;6244,85;557;69,63
22220;CAKE STAND LOVEBIRD 2 TIER WHITE;6230,05;711;69,67
22798;ANTIQUE GLASS DRESSING TABLE POT;6228,36;2172;69,71
21876;POTTERING MUG;6222,47;5303;69,74
22826;LOVE SEAT ANTIQUE WHITE METAL;6210,00;58;69,78
22432;WATERING CAN PINK BUNNY;6204,50;3388;69,82
22059;CERAMIC STRWBERRY DESIGN MUG;6194,63;4803;69,85
22577;WOODEN HEART CHRISTMAS SCANDINAVIAN;6155,45;13005;69,89
23382;BOX OF 6 CHRISTMAS CAKE DECORATIONS;6155,04;1712;69,93
23541;WALL ART CLASSIC PUDDINGS ;6154,69;829;69,96
22780;LIGHT GARLAND BUTTERFILES PINK;6142,09;1617;70,00
22526;WHEELBARROW FOR CHILDREN ;6133,62;518;70,04
85175;CACTI T-LIGHT CANDLES;6128,12;15302;70,07
37500;TEA TIME TEAPOT IN GIFT BOX;6126,77;823;70,11
23480;MINI LIGHTS WOODLAND MUSHROOMS;6118,59;1717;70,14
85068;CREAM SWEETHEART SHELF + HOOKS;6097,56;922;70,18
22810;SET OF 6 T-LIGHTS SNOWMEN;6088,13;2079;70,22
22080;RIBBON REEL SPOTS DESIGN ;6081,25;3745;70,25
21584;RETRO SPOT SMALL TUBE MATCHES;6058,50;3762;70,29
21499;BLUE SPOTS  WRAP;6048,50;15025;70,32
85047;WHITE BEADED GARLAND STRING 20LIGHT;6043,10;994;70,36
22582;PACK OF 6 SWEETIE GIFT BOXES;6025,36;2459;70,40
22945;CHRISTMAS METAL TAGS ASSORTED ;6025,21;7369;70,43
22739;RIBBON REEL, XMAS SOCK/BAUBLE;6024,84;3644;70,47
22224;WHITE LOVEBIRD LANTERN;6016,95;2105;70,50
22644;CERAMIC CHERRY CAKE MONEY BANK;6016,43;4583;70,54
22174;PHOTO CUBE;6011,24;3928;70,57
22431;WATERING CAN BLUE ELEPHANT;6004,75;3179;70,61
21201;TROPICAL  HONEYCOMB PAPER GARLAND ;5980,35;2629;70,64
21586;KINGS CHOICE GIANT TUBE MATCHES;5977,95;2567;70,68
47559B;TEA TIME OVEN GLOVE;5977,87;4970;70,71
22504;CABIN BAG VINTAGE RETROSPOT;5976,95;269;70,75
23307;SET OF 60 PANTRY DESIGN CAKE CASES ;5974,39;11661;70,79
21989;PACK OF 20 SKULL PAPER NAPKINS;5973,09;8073;70,82
21980;PACK OF 12 RED SPOTTY TISSUES ;5956,28;21066;70,86
22045;SPACE BOY GIFT WRAP;5929,14;14417;70,89
22430;ENAMEL WATERING CAN CREAM;5916,44;1288;70,93
23535;BICYCLE SAFTEY WALL ART;5898,61;1123;70,96
21107;CREAM SLICE FLANNEL PINK SPOT ;5873,55;2157;71,00
22849;BREAD BIN DINER STYLE MINT;5872,66;382;71,03
22596;CHRISTMAS STAR WISH LIST CHALKBOARD;5853,92;6080;71,06
22187;GREEN CHRISTMAS TREE CARD HOLDER;5838,02;1982;71,10
22491;PACK OF 12 COLOURED PENCILS;5831,36;7322;71,13
23169;CLASSIC GLASS SWEET JAR;5829,65;1451;71,17
84884A;ANT WHITE WIRE HEART SPIRAL;5817,66;1654;71,20
23172;REGENCY TEA PLATE PINK;5793,28;3688;71,24
85062;PEARL CRYSTAL PUMPKIN T-LIGHT HLDR;5792,07;3648;71,27
22979;PANTRY WASHING UP BRUSH;5785,71;3913;71,31
22435;SET OF 9 HEART SHAPED BALLOONS;5783,04;4716;71,34
85178;VICTORIAN SEWING KIT;5777,54;5294;71,37
20973;12 PENCIL SMALL TUBE WOODLAND;5776,55;9091;71,41
23247;BISCUIT TIN 50'S CHRISTMAS;5760,52;2048;71,44
22142;CHRISTMAS CRAFT WHITE FAIRY ;5741,94;4090;71,48
84032B;CHARLIE + LOLA RED HOT WATER BOTTLE;5741,60;2788;71,51
22377;BOTTLE BAG RETROSPOT ;5741,29;3212;71,54
72802C;VANILLA SCENT CANDLE JEWELLED BOX;5725,34;2140;71,58
22185;SLATE TILE NATURAL HANGING;5723,60;3738;71,61
23485;BOTANICAL GARDENS WALL CLOCK ;5719,00;259;71,64
22498;WOODEN REGATTA BUNTING;5704,45;991;71,68
22130;PARTY CONE CHRISTMAS DECORATION ;5704,04;6896;71,71
23113;PANTRY CHOPPING BOARD;5695,86;1138;71,75
22841;ROUND CAKE TIN VINTAGE GREEN;5691,73;751;71,78
23296;SET OF 6 TEA TIME BAKING CASES;5684,65;4877;71,81
21918;SET 12 KIDS COLOUR  CHALK STICKS;5681,20;14126;71,85
20751;FUNKY WASHING UP GLOVES ASSORTED;5652,12;2736;71,88
22781;GUMBALL MAGAZINE RACK;5633,54;768;71,91
23204;CHARLOTTE BAG APPLES DESIGN;5632,15;7039;71,95
21625;VINTAGE UNION JACK APRON;5630,64;838;71,98
85174;S/4 CACTI CANDLES;5606,82;1282;72,01
22971;QUEENS GUARD COFFEE MUG;5603,57;2365;72,05
22311;OFFICE MUG WARMER BLACK+SILVER ;5576,95;1937;72,08
23311;VINTAGE CHRISTMAS STOCKING ;5564,25;2199;72,11
22364;GLASS JAR DIGESTIVE BISCUITS;5556,55;1893;72,14
21988;PACK OF 6 SKULL PAPER PLATES;5544,05;7649;72,18
22855;FINE WICKER HEART ;5541,56;4612;72,21
22063;CERAMIC BOWL WITH STRAWBERRY DESIGN;5532,55;2161;72,24
23312;VINTAGE CHRISTMAS GIFT SACK;5523,00;1364;72,28
22848;BREAD BIN DINER STYLE PINK;5467,55;358;72,31
22331;WOODLAND PARTY BAG + STICKER SET;5456,36;3460;72,34
22951;60 CAKE CASES DOLLY GIRL DESIGN;5455,46;10650;72,37
22898;CHILDRENS APRON APPLE DESIGN;5455,10;2916;72,40
22065;CHRISTMAS PUDDING TRINKET POT ;5453,99;8257;72,44
21240;BLUE  SPOTTY CUP;5440,98;6778;72,47
16161P;WRAP ENGLISH ROSE ;5435,40;13198;72,50
72756;FAIRY CAKE CANDLES;5432,66;3994;72,53
22148;EASTER CRAFT 4 CHICKS ;5430,30;2994;72,57
21110;LARGE CAKE TOWEL PINK SPOTS;5426,45;1251;72,60
21703;BAG 125g SWIRLY MARBLES;5416,09;14289;72,63
22119;PEACE WOODEN BLOCK LETTERS;5409,46;882;72,66
23118;PARISIENNE JEWELLERY DRAWER ;5399,02;765;72,69
22578;WOODEN STAR CHRISTMAS SCANDINAVIAN;5394,48;12252;72,73
23135;SMALL ZINC HEART WALL ORGANISER;5378,80;1538;72,76
22899;CHILDREN'S APRON DOLLY GIRL ;5367,08;2669;72,79
22168;ORGANISER WOOD, ANTIQUE WHITE ;5349,30;645;72,82
21768;WALL MOUNTED VINTAGE ORGANISER;5339,79;447;72,85
21207;SKULL AND CROSSBONES  GARLAND ;5337,20;3480;72,88
37495;FAIRY CAKE BIRTHDAY CANDLE SET;5337,00;1500;72,92
22575;METAL MERRY CHRISTMAS WREATH;5321,85;2807;72,95
23531;WALL ART BIG LOVE ;5319,36;960;72,98
21432;SET OF 3 CASES WOODLAND DESIGN;5298,65;927;73,01
22746;POPPY'S PLAYHOUSE LIVINGROOM ;5292,02;2589;73,04
22964;3 PIECE SPACEBOY COOKIE CUTTER SET;5288,74;2635;73,07
22060;LARGE CAKE STAND HANGING HEARTS;5285,22;714;73,10
21667;GLASS CAKE COVER AND PLATE;5272,55;329;73,13
23126;FELTCRAFT GIRL AMELIE KIT;5272,28;1084;73,17
22070;SMALL RETRO SPOT MUG IN BOX  RED;5267,26;1743;73,20
22845;VINTAGE CREAM CAT FOOD CONTAINER;5257,78;875;73,23
22341;LOVE GARLAND PAINTED ZINC ;5252,60;3332;73,26
23583;LUNCH BAG PAISLEY PARK  ;5251,25;3305;73,29
21239;PINK  SPOTTY CUP;5234,22;6480;73,32
22441;GROW YOUR OWN BASIL IN ENAMEL MUG;5215,50;2515;73,35
22437;SET OF 9 BLACK SKULL BALLOONS;5197,60;6332;73,38
23192;BUNDLE OF 3 ALPHABET EXERCISE BOOKS;5197,17;3269;73,41
22854;CREAM SWEETHEART EGG HOLDER;5177,95;1093;73,44
22282;12 EGG HOUSE PAINTED WOOD;5176,67;475;73,47
21491;SET OF THREE VINTAGE GIFT WRAPS;5167,05;2827;73,50
22460;EMBOSSED GLASS TEALIGHT HOLDER;5162,34;4259;73,53
21934;SKULL SHOULDER BAG;5155,70;3258;73,57
79067;CORONA MEXICAN TRAY;5143,70;1454;73,60
23133;LARGE IVORY HEART WALL ORGANISER;5142,91;759;73,63
22564;ALPHABET STENCIL CRAFT;5137,01;4526;73,66
22660;DOORMAT I LOVE LONDON;5136,67;831;73,69
22670;FRENCH WC SIGN BLUE METAL;5136,36;4283;73,72
84832;ZINC WILLIE WINKIE  CANDLE STICK;5127,22;6166;73,75
21587;COSY HOUR GIANT TUBE MATCHES;5127,15;2053;73,78
23158;SET OF 5 LUCKY CAT MAGNETS ;5117,32;2536;73,81
20983;12 PENCILS TALL TUBE RED SPOTTY;5107,90;6046;73,84
23188;VINTAGE  2 METER FOLDING RULER;5100,16;3096;73,87
21495;SKULLS WRAP;5098,30;12415;73,90
21078;SET/20 STRAWBERRY PAPER NAPKINS ;5097,77;6539;73,93
84520B;PACK 20 ENGLISH ROSE PAPER NAPKINS;5096,74;6598;73,96
21900;KEY FOB , SHED;5094,29;8033;73,99
22763;KEY CABINET MA CAMPAGNE;5089,59;645;74,02
21452;TOADSTOOL MONEY BOX;5083,25;1763;74,05
22483;RED GINGHAM TEDDY BEAR ;5080,68;1812;74,08
79029;GLASS HONEYPOT WASP CATCHER;5073,15;2849;74,11
22842;BISCUIT TIN VINTAGE RED;5068,10;798;74,14
84971S;SMALL HEART FLOWERS HOOK ;5053,26;6206;74,17
22117;METAL SIGN HER DINNER IS SERVED ;5051,60;1724;74,20
23157;SET OF 6 NATIVITY MAGNETS ;5031,55;2530;74,23
23177;TREASURE ISLAND BOOK BOX;5029,80;2428;74,26
22165;DIAMANTE HEART SHAPED WALL MIRROR, ;5020,41;783;74,29
46000S;POLYESTER FILLER PAD 40x40cm;5003,95;3451;74,32
35832;WOOLLY HAT SOCK GLOVE ADVENT STRING;4995,85;1687;74,35
21872;GLAMOROUS  MUG;4993,00;5032;74,38
23132;SMALL IVORY HEART WALL ORGANISER;4989,08;1008;74,41
21112;SWISS ROLL TOWEL, PINK  SPOTS;4972,63;2077;74,44
22687;DOORMAT CHRISTMAS VILLAGE;4966,93;837;74,46
40016;CHINESE DRAGON PAPER LANTERNS;4961,12;15301;74,49
22534;MAGIC DRAWING SLATE SPACEBOY ;4954,26;12269;74,52
21730;GLASS STAR FROSTED T-LIGHT HOLDER;4952,09;1047;74,55
22030;SWALLOWS GREETING CARD;4948,05;12340;74,58
22443;GROW YOUR OWN HERBS SET OF 3;4945,44;648;74,61
35004B;SET OF 3 BLACK FLYING DUCKS;4937,80;1228;74,64
21528;DAIRY MAID TRADITIONAL TEAPOT ;4937,65;831;74,67
22602;CHRISTMAS RETROSPOT HEART WOOD;4936,99;6067;74,70
85038;6 CHOCOLATE LOVE HEART T-LIGHTS;4935,76;2502;74,73
22737;RIBBON REEL CHRISTMAS PRESENT ;4925,54;2998;74,76
23154;SET OF 4 JAM JAR MAGNETS;4922,01;2441;74,79
23556;LANDMARK FRAME COVENT GARDEN ;4912,05;435;74,81
21069;VINTAGE BILLBOARD TEA MUG;4909,40;4901;74,84
22335;HEART DECORATION PAINTED ZINC ;4895,10;8034;74,87
23310;BUBBLEGUM RING ASSORTED;4894,83;11891;74,90
22957;SET 3 PAPER VINTAGE CHICK PAPER EGG;4872,30;1746;74,93
22175;PINK OWL SOFT TOY;4867,48;1750;74,96
22894;TABLECLOTH RED APPLES DESIGN ;4861,95;541;74,99
22196;SMALL HEART MEASURING SPOONS;4860,70;5785;75,02
22378;WALL TIDY RETROSPOT ;4850,66;3046;75,05
85132C;CHARLIE AND LOLA FIGURES TINS;4843,53;1919;75,07
22186;RED STAR CARD HOLDER;4840,84;1904;75,10
22433;WATERING CAN GREEN DINOSAUR;4833,92;2676;75,13
21832;CHOCOLATE CALCULATOR;4833,23;2995;75,16
84937;KASHMIR FOLKART TUMBLERS;4827,82;2486;75,19
22156;HEART DECORATION WITH PEARLS ;4816,42;5717;75,22
23263;SET OF 3 WOODEN HEART DECORATIONS;4791,58;3717;75,25
23162;REGENCY TEA STRAINER;4789,24;1362;75,27
21700;BIG DOUGHNUT FRIDGE MAGNETS;4786,83;5727;75,30
22610;PENS ASSORTED FUNNY FACE;4764,98;12170;75,33
84032A;CHARLIE+LOLA PINK HOT WATER BOTTLE;4745,26;2280;75,36
23555;LANDMARK FRAME NOTTING HILL ;4730,65;419;75,41
23554;LANDMARK FRAME OXFORD STREET;4730,65;419;75,41
22906;12 MESSAGE CARDS WITH ENVELOPES;4716,00;2960;75,44
85061W;WHITE JEWELLED HEART DECORATION;4714,52;5858;75,47
22956;36 FOIL HEART CAKE CASES;4699,37;2438;75,50
82599;FANNY'S REST STOPMETAL SIGN;4695,30;2312;75,53
23052;RECYCLED ACAPULCO MAT TURQUOISE;4694,75;571;75,55
21056;DOCTOR'S BAG SOFT TOY;4681,63;525;75,58
22896;PEG BAG APPLE DESIGN;4680,37;1970;75,61
37446;MINI CAKE STAND WITH HANGING CAKES;4677,40;3496;75,64
23295;SET OF 12 MINI LOAF BAKING CASES;4670,63;5957;75,66
22412;METAL SIGN NEIGHBOURHOOD WITCH ;4661,10;2286;75,69
22399;MAGNETS PACK OF 4 CHILDHOOD MEMORY;4659,84;3996;75,72
20978;36 PENCILS TUBE SKULLS;4654,17;3789;75,75
22434;BALLOON PUMP WITH 10 BALLOONS;4654,13;2521;75,77
22442;GROW YOUR OWN FLOWERS SET OF 3;4653,66;858;75,80
21577;SAVE THE PLANET COTTON TOTE BAG;4648,50;2210;75,83
22472;TV DINNER TRAY DOLLY GIRL;4644,27;1049;75,86
22998;TRAVEL CARD WALLET KEEP CALM;4641,32;11645;75,88
22509;SEWING BOX RETROSPOT DESIGN ;4640,40;372;75,91
22115;METAL SIGN EMPIRE TEA;4639,53;2709;75,94
23314;VINTAGE CHRISTMAS TABLECLOTH;4638,52;391;75,97
84270;ASSTD DESIGN BUBBLE GUM RING;4622,10;22410;75,99
22688;DOORMAT PEACE ON EARTH BLUE;4621,36;856;76,02
21896;POTTING SHED TWINE;4618,08;2297;76,05
23165;LARGE CERAMIC TOP STORAGE JAR;4617,90;2950;76,07
21407;BROWN CHECK CAT DOORSTOP ;4606,25;1128;76,10
23558;LANDMARK FRAME LONDON BRIDGE ;4604,20;410;76,13
22200;FRYING PAN PINK POLKADOT ;4602,79;1155;76,16
22691;DOORMAT WELCOME SUNRISE;4602,26;718;76,18
22562;MONSTERS STENCIL CRAFT;4600,54;3938;76,21
21544;SKULLS  WATER TRANSFER TATTOOS ;4599,50;5750;76,24
22128;PARTY CONES CANDY ASSORTED;4588,65;3867;76,27
85049G;CHOCOLATE BOX RIBBONS ;4570,50;3761;76,29
21116;OWL DOORSTOP;4569,54;954;76,32
23234;BISCUIT TIN VINTAGE CHRISTMAS;4567,38;1632;76,35
23159;SET OF 5 PANCAKE DAY MAGNETS;4562,73;2255;76,37
22305;COFFEE MUG PINK PAISLEY DESIGN;4559,80;2230;76,40
23286;BLUE VINTAGE SPOT BEAKER;4528,29;4901;76,43
22604;SET OF 4 NAPKIN CHARMS CUTLERY;4512,61;1924;76,45
22222;CAKE PLATE LOVEBIRD WHITE;4512,45;1219;76,48
21363;HOME SMALL WOOD LETTERS;4509,45;911;76,51
23569;TRADTIONAL ALPHABET STAMP SET;4497,30;926;76,53
22772;PINK DRAWER KNOB ACRYLIC EDWARDIAN;4496,91;3800;76,56
22241;"GARLAND , WOODEN  "" HAPPY EASTER""";4483,06;3806;76,59
47568;ENGLISH ROSE DESIGN PEG BAG;4478,78;2262;76,61
21713;CITRONELLA CANDLE FLOWERPOT;4472,25;2565;76,64
21986;PACK OF 12 PINK SPOT TISSUES ;4469,15;13103;76,67
22583;PACK OF 6 HANDBAG GIFT BOXES;4455,60;1764;76,69
85063;CREAM SWEETHEART MAGAZINE RACK;4455,25;275;76,72
22304;COFFEE MUG BLUE PAISLEY DESIGN;4455,11;2330;76,74
21614;SET OF 12 ROSE BOTANICAL T-LIGHTS;4452,65;1607;76,77
85184D;S/4 BLUE ROUND DECOUPAGE BOXES;4445,14;8294;76,80
23010;CIRCUS PARADE BABY GIFT SET;4444,75;285;76,82
48197;DOOR MAT BIRD ON THE WIRE;4437,95;785;76,85
21718;RED METAL BEACH SPADE ;4412,57;3691;76,88
22218;CAKE STAND LACE WHITE;4406,75;1113;76,90
22027;TEA PARTY BIRTHDAY CARD;4395,65;10808;76,93
84467;ENGLISH ROSE DESIGN QUILTED THROW;4391,10;306;76,95
22203;MILK PAN RED RETROSPOT;4386,64;1227;76,98
23285;PINK VINTAGE SPOT BEAKER;4384,83;4679;77,01
22672;FRENCH BATHROOM SIGN BLUE METAL;4382,67;2723;77,03
21984;PACK OF 12 PINK PAISLEY TISSUES ;4380,00;15150;77,06
15044B;BLUE PAPER PARASOL ;4376,40;1624;77,08
23176;ABC TREASURE BOOK BOX ;4373,26;2088;77,11
22276;WASH BAG VINTAGE ROSE PAISLEY;4372,50;1780;77,13
20977;36 PENCILS TUBE WOODLAND;4357,64;3508;77,16
21981;PACK OF 12 WOODLAND TISSUES ;4355,19;15859;77,19
23526;WALL ART DOG LICENCE ;4346,82;882;77,21
23198;PANTRY MAGNETIC  SHOPPING LIST;4341,19;3063;77,24
21313;GLASS HEART T-LIGHT HOLDER ;4338,75;5823;77,26
82581;TOILET METAL SIGN;4337,97;8125;77,29
22571;ROCKING HORSE RED CHRISTMAS ;4336,81;5293;77,31
21706;FOLDING UMBRELLA , RED/WHITE SPOT;4334,53;1210;77,34
21471;STRAWBERRY RAFFIA FOOD COVER;4324,95;1225;77,37
84968A;S/16 VINTAGE ROSE CUTLERY;4302,45;351;77,39
21071;VINTAGE BILLBOARD DRINK ME MUG;4299,70;3981;77,42
23275;SET OF 3 HANGING OWLS OLLIE BEAK;4291,17;3613;77,44
22318;FIVE HEART HANGING DECORATION;4281,15;1461;77,47
21578;WOODLAND DESIGN  COTTON TOTE BAG;4275,00;1908;77,49
22374;AIRLINE BAG VINTAGE JET SET RED;4273,34;894;77,52
21878;PACK OF 6 SANDCASTLE FLAGS ASSORTED;4273,17;5383;77,54
22732;3D VINTAGE CHRISTMAS STICKERS ;4263,59;3467;77,57
23288;GREEN VINTAGE SPOT BEAKER;4261,89;4505;77,59
84968C;S/16 VINTAGE PISTACHIO CUTLERY;4254,30;354;77,62
15044D;RED PAPER PARASOL;4252,84;1544;77,64
22908;PACK OF 20 NAPKINS RED APPLES;4246,44;5430;77,67
21967;PACK OF 12 SKULL TISSUES;4246,29;15449;77,69
22593;CHRISTMAS GINGHAM STAR;4246,11;5067;77,72
23503;PLAYING CARDS KEEP CALM & CARRY ON;4242,96;3432;77,74
22361;temp;4242,65;1535;77,77
23530;WALL ART ONLY ONE PERSON ;4241,25;1037;77,79
21564;PINK  HEART SHAPE LOVE BUCKET ;4237,47;1897;77,82
22892;SET OF SALT AND PEPPER TOADSTOOLS;4236,81;3477;77,84
23166;MEDIUM CERAMIC TOP STORAGE JAR;4233,13;3701;77,87
22110;BIRD HOUSE HOT WATER BOTTLE;4233,11;1866;77,89
21249;WOODLAND  HEIGHT CHART STICKERS ;4233,05;1559;77,92
22611;VINTAGE UNION JACK SHOPPING BAG;4227,60;896;77,94
84509A;ENGLISH ROSE PLACEMATS;4224,89;1179;77,97
22071;SMALL RETRO SPOT MUG IN BOX  WHITE;4220,70;1504;77,99
20747;PICCADILLY TEA SET;4212,55;309;78,02
21916;SET 12 RETRO WHITE CHALK STICKS;4211,98;10417;78,04
23237;SET OF 4 KNICK KNACK TINS LEAVES ;4208,05;1043;78,07
23494;VINTAGE DOILY DELUXE SEWING KIT ;4194,90;722;78,09
23389;SPACEBOY MINI BACKPACK;4188,45;1043;78,12
21506;FANCY FONT BIRTHDAY CARD, ;4186,92;10430;78,14
22291;SPRING DEC , HANGING CHICK CREAM;4185,30;3090;78,17
23167;SMALL CERAMIC TOP STORAGE JAR ;4184,18;5666;78,19
22801;ANTIQUE GLASS PEDESTAL BOWL;4175,85;1144;78,22
22653;BUTTON BOX ;4158,36;2198;78,24
22299;PIG KEYRING WITH LIGHT & SOUND ;4147,69;3795;78,27
15060B;FAIRY CAKE DESIGN UMBRELLA;4138,17;1137;78,29
20681;PINK SPOTTY CHILDS UMBRELLA;4135,75;1303;78,32
21590;KINGS CHOICE CIGAR BOX MATCHES ;4128,78;3438;78,34
21609;SET 12 LAVENDER  BOTANICAL T-LIGHTS;4127,45;1487;78,36
21591;COSY HOUR CIGAR BOX MATCHES ;4124,33;3325;78,39
79341;WILLOW BRANCH LIGHTS.;4121,25;703;78,41
85184C;S/4 VALENTINE DECOUPAGE HEART BOX;4117,08;2098;78,44
23404;HOME SWEET HOME BLACKBOARD;4108,58;969;78,46
23205;CHARLOTTE BAG VINTAGE ALPHABET ;4105,02;5150;78,49
21899;KEY FOB , GARAGE DESIGN;4090,93;6515;78,51
22733;3D TRADITIONAL CHRISTMAS STICKERS;4080,04;3276;78,53
22476;EMPIRE UNION JACK TV DINNER TRAY;4079,47;1221;78,56
16161U;WRAP,SUKI AND FRIENDS;4074,42;10001;78,58
22426;ENAMEL WASH BOWL CREAM;4073,30;1182;78,61
21534;DAIRY MAID LARGE MILK JUG;4071,75;851;78,63
23397;FOOT STOOL HOME SWEET HOME ;4069,90;434;78,65
23241;TREASURE TIN GYMKHANA DESIGN;4060,00;2005;78,68
21474;SWEETHEART CREAM STEEL FOLDIN BENCH;4049,85;203;78,70
22451;SILK PURSE RUSSIAN DOLL RED;4048,85;1243;78,73
10135;COLOURING PENCILS BROWN TUBE;4048,14;3887;78,75
22760;TRAY, BREAKFAST IN BED;4041,15;337;78,77
22075;6 RIBBONS ELEGANT CHRISTMAS ;4031,27;2801;78,80
22285;DECORATION HEN ON NEST, HANGING;4028,55;2631;78,82
21537;RETRO SPOTS PUDDING BOWL;4024,75;967;78,85
22601;CHRISTMAS RETROSPOT ANGEL WOOD;4016,07;4923;78,87
22833;HALL CABINET WITH 3 DRAWERS;4013,59;118;78,89
22127;PARTY CONES CARNIVAL ASSORTED;3998,45;3445;78,92
84968D;S/16 VINTAGE RED CUTLERY;3983,37;341;78,94
21355;TOAST ITS - I LOVE YOU ;3982,15;3339;78,96
22574;HEART WOODEN CHRISTMAS DECORATION;3980,62;4684;78,99
22959;WRAP CHRISTMAS VILLAGE;3960,96;9688;79,01
23163;REGENCY SUGAR TONGS;3949,70;1714;79,03
22053;EMPIRE DESIGN ROSETTE;3948,92;4518;79,06
22721;SET OF 3 CAKE TINS SKETCHBOOK;3942,82;908;79,08
79320;FLAMINGO LIGHTS;3940,70;862;79,10
21811;CHRISTMAS HANGING HEART WITH BELL;3937,97;5759;79,13
21707;FOLDING UMBRELLA , BLACK/BLUE  SPOT;3933,62;952;79,15
23129;HEART SHAPED HOLLY WREATH;3933,18;942;79,17
22851;SET 20 NAPKINS FAIRY CAKES DESIGN ;3931,86;4992;79,20
21245;GREEN  SPOTTY PLATE ;3930,74;2434;79,22
22474;SPACEBOY TV DINNER TRAY;3928,14;894;79,24
20982;12 PENCILS TALL TUBE SKULLS;3899,93;4601;79,27
22278;OVERNIGHT BAG VINTAGE ROSE PAISLEY;3899,05;799;79,29
85132A;CHARLIE + LOLA BISCUITS TINS;3896,65;1183;79,31
22449;SILK PURSE RUSSIAN DOLL PINK;3886,53;1176;79,34
22612;TEA COSY VINTAGE UNION JACK;3885,93;988;79,36
72807B;SET/3 OCEAN SCENT CANDLE JEWEL BOX;3884,51;955;79,38
22790;MIRROR, ARCHED GEORGIAN;3884,00;200;79,40
23144;ZINC T-LIGHT HOLDER STARS SMALL;3879,98;4894;79,43
23340;VINTAGE CHRISTMAS CAKE FRILL;3879,45;2453;79,45
22425;ENAMEL COLANDER CREAM;3879,26;807;79,47
23486;ANTIQUE HEART SHELF UNIT;3879,15;267;79,50
37447;CERAMIC CAKE DESIGN SPOTTED PLATE;3876,97;2693;79,52
22548;HEADS AND TAILS SPORTING FUN;3873,10;3315;79,54
23557;LANDMARK FRAME BAKER STREET ;3867,85;347;79,56
72802B;OCEAN SCENT CANDLE IN JEWELLED BOX;3862,88;1478;79,59
22530;MAGIC DRAWING SLATE DOLLY GIRL ;3862,44;9630;79,61
23255;CHILDRENS CUTLERY CIRCUS PARADE;3852,44;962;79,63
46000M;POLYESTER FILLER PAD 45x45cm;3851,75;2485;79,66
20961;STRAWBERRY BATH SPONGE ;3850,66;3138;79,68
21987;PACK OF 6 SKULL PAPER CUPS;3848,80;6320;79,70
22736;RIBBON REEL MAKING SNOWMEN ;3834,26;2334;79,72
21901;KEY FOB , BACK DOOR ;3833,42;6014;79,75
21153;RED SPOTTY TABLECLOTH ;3832,50;370;79,77
84279P;CHERRY BLOSSOM  DECORATIVE FLASK;3831,27;1057;79,79
22167;WALL MIRROR , DIAMANTE OVAL SHAPE;3830,90;526;79,81
23306;SET OF 36 DOILIES PANTRY DESIGN;3819,94;2692;79,84
21143;ANTIQUE GLASS HEART DECORATION ;3819,45;2003;79,86
21068;VINTAGE BILLBOARD LOVE/HATE MUG;3817,23;3901;79,88
22600;CHRISTMAS RETROSPOT STAR WOOD;3793,36;4594;79,90
71038;WHITE HANGING BEADS CANDLE HOLDER;3789,25;717;79,93
22747;POPPY'S PLAYHOUSE BATHROOM;3789,00;1870;79,95
51014A;FEATHER PEN,HOT PINK;3787,76;6048;79,97
22639;SET OF 4 NAPKIN CHARMS HEARTS;3776,22;1598;79,99
20967;GREY FLORAL FELTCRAFT SHOULDER BAG;3771,09;1023;80,02
23012;GLASS APOTHECARY BOTTLE PERFUME;3763,64;1014;80,04
23050;RECYCLED ACAPULCO MAT GREEN;3763,55;459;80,06
21679;SKULLS  STICKERS;3756,47;4691;80,08
22359;temp;3755,77;1227;80,11
22926;IVORY GIANT GARDEN THERMOMETER;3753,55;649;80,13
23193;BUFFALO BILL TREASURE BOOK BOX;3750,57;1847;80,15
23184;BULL DOG BOTTLE OPENER;3749,50;778;80,17
23130;MISTLETOE HEART WREATH GREEN;3748,42;918;80,19
20674;GREEN SPOTTY BOWL;3748,09;3096;80,22
22454;MEASURING TAPE RUSSIAN DOLL RED;3744,70;1354;80,24
22573;STAR WOODEN CHRISTMAS DECORATION;3739,34;4502;80,26
72349B;SET/6 PURPLE BUTTERFLY T-LIGHTS;3734,04;1914;80,28
20963;APPLE BATH SPONGE;3729,29;3038;80,30
22782;SET 3 WICKER STORAGE BASKETS ;3712,30;254;80,33
22797;CHEST OF DRAWERS GINGHAM HEART ;3711,24;222;80,35
22800;ANTIQUE TALL SWIRLGLASS TRINKET POT;3709,63;1003;80,37
21714;CITRONELLA CANDLE GARDEN POT;3707,37;3357;80,39
85040B;SET/4 BLUE FLOWER CANDLES IN BOWL;3703,95;2415;80,41
21810;CHRISTMAS HANGING STAR WITH BELL;3698,65;6281;80,44
23309;SET OF 60 I LOVE LONDON CAKE CASES ;3697,70;7670;80,46
23351;ROLL WRAP 50'S CHRISTMAS;3694,02;3054;80,48
